1,David Raya,1,Goalkeeper,Spain
2,William Saliba,1,Defender,France
3,Ben White,1,Defender,England
4,Gabriel,1,Defender,Brazil
5,Jurrien Timber,1,Defender,Netherlands
6,Jakub Kiwior,1,Defender,Poland
7,Oleksandr Zinchenko,1,Defender,Ukraine
8,Takehiro Tomiyasu,1,Defender,Japan
9,Riccardo Calafiori,1,Defender,Italy
10,Thomas Partey,1,Midfielder,Ghana
11,Martin Ødegaard,1,Midfielder,Norway
12,Leandro Trossard,1,Winger,Belgium
13,Jorginho,1,Midfielder,Italy
14,Mikel Merino,1,Midfielder,Spain
15,Kai Havertz,1,Midfielder,Germany
16,Raheem Sterling,1,Winger,England
17,Declan Rice,1,Midfielder,England
18,Myles Lewis-Skelly,1,Midfielder,England
19,Ethan Nwaneri,1,Midfielder,England
20,Bukayo Saka,1,Winger,England
21,Gabriel Jesus,1,Forward,Brazil
22,Gabriel Martinelli,1,Winger,Brazil
23,Emiliano Martínez,2,Goalkeeper,Argentina
24,Matty Cash,2,Defender,Poland
25,Axel Disasi,2,Defender,France
26,Ezri Konsa,2,Defender,England
27,Tyrone Mings,2,Defender,England
28,Lucas Digne,2,Defender,France
29,Pau Torres,2,Defender,Spain
30,Ian Maatsen,2,Defender,Netherlands
31,Lamare Bogarde,2,Midfielder,Netherlands
32,Ross Barkley,2,Midfielder,England
33,John McGinn,2,Midfielder,Scotland
34,Youri Tielemans,2,Midfielder,Belgium
35,Amadou Onana,2,Midfielder,Belgium
36,Jacob Ramsey,2,Midfielder,England
37,Marcus Rashford,2,Forward,England
38,Ollie Watkins,2,Forward,England
39,Marco Asensio,2,Forward,Spain
40,Morgan Rogers,2,Forward,England
41,Leon Bailey,2,Winger,Jamaica
42,Jan Oblak,3,Goalkeeper,Slovenia
43,José María Giménez,3,Defender,Uruguay
44,César Azpilicueta,3,Defender,Spain
45,Clément Lenglet,3,Defender,France
46,Nahuel Molina,3,Defender,Argentina
47,Javier Galán,3,Defender,Spain
48,Reinildo,3,Defender,Mozambique
49,Robin Le Normand,3,Defender,Spain
50,Conor Gallagher,3,Midfielder,England
51,Rodrigo De Paul,3,Midfielder,Argentina
52,Koke,3,Midfielder,Spain
53,Pablo Barrios,3,Midfielder,Spain
54,Thomas Lemar,3,Midfielder,France
55,Samuel Lino,3,Forward,Brazil
56,Marcos Llorente,3,Midfielder,Spain
57,Rodrigo Riquelme,3,Forward,Spain
58,Axel Witsel,3,Midfielder,Belgium
59,Antoine Griezmann,3,Forward,France
60,Alexander Sørloth,3,Forward,Norway
61,Ángel Correa,3,Forward,Argentina
62,Julián Alvarez,3,Forward,Argentina
63,Giuliano Simeone,3,Forward,Argentina
64,Gregor Kobel,4,Goalkeeper,Switzerland
65,Yan Couto,4,Defender,Brazil
66,Waldemar Anton,4,Defender,Germany
67,Nico Schlotterbeck,4,Defender,Germany
68,Ramy Bensebaini,4,Defender,Algeria
69,Emre Can,4,Midfielder,Germany
70,Daniel Svensson,4,Defender,Sweden
71,Niklas Süle,4,Defender,Germany
72,Julian Ryerson,4,Defender,Norway
73,Salih Özcan,4,Midfielder,Germany
74,Giovanni Reyna,4,Midfielder,USA
75,Felix Nmecha,4,Midfielder,Germany
76,Julian Brandt,4,Midfielder,Germany
77,Pascal Gross,4,Midfielder,Germany
78,Julien Duranville,4,Forward,Belgium
79,Carney Chukwuemeka,4,Midfielder,England
80,Marcel Sabitzer,4,Midfielder,Austria
81,Cole Campbell,4,Defender,Iceland
82,Kjell Wätjen,4,Midfielder,Germany
83,Jamie Gittens,4,Forward,England
84,Ayman Azhil,4,Midfielder,Germany
85,Serhou Guirassy,4,Forward,Guinea
86,Maximilian Beier,4,Forward,Germany
87,Karim Adeyemi,4,Forward,Germany
88,Iñaki Peña,5,Goalkeeper,Spain
89,Wojciech Szczęsny,5,Goalkeeper,Poland
90,Pau Cubarsí,5,Goalkeeper,Spain
91,Alejandro Balde,5,Defender,Spain
92,Ronald Araújo,5,Defender,Uruguay
93,Iñigo Martínez,5,Defender,Spain
94,Andreas Christensen,5,Defender,Denmark
95,Jules Koundé,5,Defender,France
96,Eric García,5,Defender,Spain
97,Héctor Fort,5,Defender,Spain
98,Gerard Martín,5,Defender,Spain
99,Sergi Dominguez,5,Midfielder,Spain
100,Alexis Olmedo,5,Midfielder,Spain
101,Gavi,5,Midfielder,Spain
102,Pedri,5,Midfielder,Spain
103,Pablo Torre,5,Midfielder,Spain
104,Marc Casadó,5,Midfielder,Spain
105,Frenkie de Jong,5,Midfielder,Netherlands
106,Ferran Torres,5,Forward,Spain
107,Robert Lewandowski,5,Forward,Poland
108,Ansu Fati,5,Forward,Spain
109,Raphinha,5,Forward,Brazil
110,Fermín López,5,Forward,Spain
111,Pau Victor,5,Forward,Spain
112,Lamine Yamal,5,Forward,Spain
113,Dani Olmo,5,Forward,Spain
114,Manuel Neuer,6,Goalkeeper,Germany
115,Daniel Peretz,6,Goalkeeper,Israel
116,Sven Ulreich,6,Goalkeeper,Germany
117,Max Schmitt,6,Goalkeeper,Germany
118,Jonas Urbig,6,Goalkeeper,Germany
119,Leon Klanac,6,Defender,Germany
120,Dayot Upamecano,6,Defender,France
121,Minjae Kim,6,Defender,South Korea
122,Eric Dier,6,Defender,England
123,Hiroki Ito,6,Defender,Japan
124,Raphaël Guerreiro,6,Defender,Portugal
125,Sacha Boey,6,Defender,France
126,Tarek Buchmann,6,Defender,Germany
127,Josip Stanišić,6,Defender,Croatia
128,Joshua Kimmich,6,Midfielder,Germany
129,Leon Goretzka,6,Midfielder,Germany
130,Leroy Sané,6,Midfielder,Germany
131,João Palhinha,6,Midfielder,Portugal
132,Michael Olise,6,Midfielder,France
133,Alphonso Davies,6,Midfielder,Canada
134,Konrad Laimer,6,Midfielder,Austria
135,Adin Licina,6,Midfielder,Germany
136,Javier Fernández,6,Midfielder,Spain
137,Jamal Musiala,6,Midfielder,Germany
138,Jonathan Asp Jensen,6,Midfielder,Denmark
139,Aleksandar Pavlović,6,Midfielder,Germany
140,Lennart Karl,6,Midfielder,Germany
141,Serge Gnabry,6,Forward,Germany
142,Harry Kane,6,Forward,England
143,Kingsley Coman,6,Forward,France
144,Gabriel Vidović,6,Forward,Croatia
145,Thomas Müller,6,Forward,Germany
146,Jonah Kusi-Asare,6,Forward,Sweden
147,Michael Scott,6,Forward,Germany
148,Anatoliy Trubin,7,Goalkeeper,Ukraine
149,Samuel Soares,7,Goalkeeper,Portugal
150,André Gomes,7,Goalkeeper,Portugal
151,Alvaro Carreras,7,Defender,Spain
152,António Silva,7,Defender,Portugal
153,Alexander Bah,7,Defender,Denmark
154,Samuel Dahl,7,Defender,Sweden
155,Nicolás Otamendi,7,Defender,Argentina
156,Tomás Araújo,7,Defender,Portugal
157,Gonçalo Oliveira,7,Defender,Portugal
158,Leandro Santos,7,Defender,Portugal
159,Adrian Bajrami,7,Midfielder,Albania
160,Fredrik Aursnes,7,Midfielder,Norway
161,Orkun Kökçü,7,Midfielder,Turkey
162,Manu Silva,7,Midfielder,Portugal
163,Leandro Barreiro,7,Midfielder,Luxembourg
164,Nuno Félix,7,Midfielder,Portugal
165,Florentino,7,Midfielder,Portugal
166,Hugo Félix,7,Midfielder,Portugal
167,Renato Sanches,7,Midfielder,Portugal
168,Diogo Prioste,7,Midfielder,Portugal
169,Tiago Freitas,7,Midfielder,Portugal
170,Zeki Amdouni,7,Forward,Switzerland
171,Arthur Cabral,7,Forward,Brazil
172,Ángel Di María,7,Forward,Argentina
173,Vangelis Pavlidis,7,Forward,Greece
174,Kerem Aktürkoğlu,7,Forward,Turkey
175,Andrea Belotti,7,Forward,Italy
176,Andreas Schjelderup,7,Forward,Norway
177,Gianluca Prestianni,7,Forward,Argentina
178,Benjamin Rollheiser,7,Forward,Argentina
179,Tiago Gouveia,7,Forward,Portugal
180,João Rego,7,Forward,Portugal
181,Eduardo Fernandes,7,Forward,Portugal
182,Tristan van den Heuvel,8,Goalkeeper,Netherlands
183,Simon Mignolet,8,Goalkeeper,Belgium
184,Nordin Jackers,8,Goalkeeper,Belgium
185,Axl De Corte,8,Goalkeeper,Belgium
186,Argus Vanden Driessche,8,Goalkeeper,Belgium
187,Kiany Vroman,8,Goalkeeper,Belgium
188,Zaid Romero,8,Defender,Argentina
189,Joel Ordoñez,8,Defender,Ecuador
190,Bjorn Meijer,8,Defender,Netherlands
191,Vince Chijioke Osuji,8,Defender,Nigeria
192,Hugo Siquet,8,Defender,Belgium
193,Brandon Mechele,8,Defender,Belgium
194,Jorne Spileers,8,Defender,Belgium
195,Kyriani Sabbe,8,Defender,Belgium
196,Bi Abdoul Kader Yameogo,8,Defender,Ivory Coast
197,Amine Et-Taibi,8,Defender,Morocco
198,Jano Willems,8,Defender,Belgium
199,Sem Audoor,8,Defender,Belgium
200,Bruce Deuwel,8,Defender,Belgium
201,Siebe Wylin,8,Defender,Belgium
202,Hugo Vetlesen,8,Midfielder,Norway
203,Raphael Onyedika,8,Midfielder,Nigeria
204,Hans Vanaken,8,Midfielder,Belgium
205,Casper Nielsen,8,Midfielder,Denmark
206,Ardon Jashari,8,Midfielder,Switzerland
207,Maxim De Cuyper,8,Midfielder,Belgium
208,Lynnt Audoor,8,Midfielder,Belgium
209,Denzel De Roeve,8,Midfielder,Belgium
210,Joaquin Seys,8,Midfielder,Belgium
211,Chemsdine Talbi,8,Midfielder,Belgium
212,Alejandro Granados,8,Midfielder,Spain
213,Jessi Da Silva,8,Midfielder,Belgium
214,Laurens Goemaere,8,Midfielder,Belgium
215,Tobias Lund Jensen,8,Midfielder,Denmark
216,Lenn De Smet,8,Midfielder,Belgium
217,Liam De Smet,8,Midfielder,Belgium
218,Oleksandr Yakymenko,8,Midfielder,Ukraine
219,Christos Tzolis,8,Forward,Greece
220,Ferran Jutglà,8,Forward,Spain
221,Romeo Vermant,8,Forward,Belgium
222,Gustaf Nilsson,8,Forward,Sweden
223,Michał Skóraś,8,Forward,Poland
224,Jesse Bisiwu,8,Forward,Belgium
225,Shandre Campbell,8,Forward,South Africa
226,Kaye Furo,8,Forward,Belgium
227,Maxime Wameso,8,Forward,Belgium
228,Jakke Van Britsom,8,Forward,Belgium
229,Justin Bijlow,9,Goalkeeper,Netherlands
230,Plamen Andreev,9,Goalkeeper,Bulgaria
231,Timon Wellenreuther,9,Goalkeeper,Germany
232,Ismail Ka,9,Goalkeeper,Netherlands
233,Tim Haksteeg,9,Goalkeeper,Netherlands
234,Bart Nieuwkoop,9,Defender,Netherlands
235,Thomas Beelen,9,Defender,Netherlands
236,Gijs Smal,9,Defender,Netherlands
237,Facundo Gonzalez,9,Defender,Italy
238,Hugo Bueno,9,Defender,Spain
239,Gernot Trauner,9,Defender,Austria
240,Jeyland Mitchell,9,Defender,Costa Rica
241,Givairo Read,9,Defender,Netherlands
242,Dávid Hancko,9,Defender,Slovakia
243,Lugene Arnaud,9,Defender,Netherlands
244,Jayden Candelaria,9,Defender,Netherlands
245,Lars De Blok,9,Defender,Netherlands
246,Rainey Breinburg,9,Defender,Netherlands
247,Paris Elmensdorp,9,Defender,Netherlands
248,Djomar Giersthove,9,Defender,Netherlands
249,Marouane Sebbar,9,Defender,Netherlands
250,Inbeom Hwang,9,Midfielder,South Korea
251,Ramiz Zerrouki,9,Midfielder,Algeria
252,Jakub Moder,9,Midfielder,Poland
253,Quinten Timber,9,Midfielder,Netherlands
254,Calvin Stengs,9,Midfielder,Netherlands
255,Shiloh 'T Zand,9,Midfielder,Netherlands
256,Antoni Milambo,9,Midfielder,Netherlands
257,Jan Plug,9,Midfielder,Netherlands
258,Tobias Van Den Elshout,9,Midfielder,Netherlands
259,Amir Rais,9,Midfielder,Netherlands
260,Thijs Kraaijeveld,9,Midfielder,Netherlands
261,Ayase Ueda,9,Forward,Japan
262,Igor Paixão,9,Forward,Brazil
263,Luka Ivanušec,9,Forward,Croatia
264,Julián Carranza,9,Forward,Argentina
265,Anis Hadj Moussa,9,Forward,Algeria
266,Ibrahim Osman,9,Forward,Ghana
267,Zepiqueno Redmond,9,Forward,Netherlands
268,Delano Van Der Heijden,9,Forward,Netherlands
269,Fabiano Rust,9,Forward,Netherlands
270,Aymen Sliti,9,Forward,Netherlands
271,Yann Sommer,10,Goalkeeper,Switzerland
272,Raffaele Di Gennaro,10,Goalkeeper,Italy
273,Josep Martínez,10,Goalkeeper,Spain
274,Denzel Dumfries,10,Defender,Netherlands
275,Stefan De Vrij,10,Defender,Netherlands
276,Francesco Acerbi,10,Defender,Italy
277,Benjamin Pavard,10,Defender,France
278,Carlos Augusto,10,Defender,Brazil
279,Yann Bisseck,10,Defender,Germany
280,Federico Dimarco,10,Defender,Italy
281,Matteo Darmian,10,Defender,Italy
282,Mike Aidoo,10,Defender,Italy
283,Matteo Motta,10,Defender,Italy
284,Alessandro Bastoni,10,Midfielder,Italy
285,Piotr Zieliński,10,Midfielder,Poland
286,Davide Frattesi,10,Midfielder,Italy
287,Hakan Çalhanoğlu,10,Midfielder,Turkey
288,Kristjan Asllani,10,Midfielder,Albania
289,Henrikh Mkhitaryan,10,Midfielder,Armenia
290,Nicolò Barella,10,Midfielder,Italy
291,Nicola Zalewski,10,Midfielder,Poland
292,Marko Arnautović,10,Forward,Austria
293,Marcus Thuram,10,Forward,France
294,Lautaro Martínez,10,Forward,Argentina
295,Daniele Quieto,10,Forward,Italy
296,Mehdi Taremi,10,Forward,Iran
297,Lukas Hrádecký,11,Goalkeeper,Finland
298,Matěj Kovář,11,Goalkeeper,Czech Republic
299,Jesper Schlich,11,Goalkeeper,Germany
300,Niklas Lomb,11,Goalkeeper,Germany
301,Luca Novodomsky,11,Defender,Germany
302,Piero Hincapie,11,Defender,Ecuador
303,Jonathan Tah,11,Defender,Germany
304,Mario Hermoso,11,Defender,Spain
305,Edmond Tapsoba,11,Defender,Burkina Faso
306,Arthur,11,Defender,Brazil
307,Alejandro Grimaldo,11,Defender,Spain
308,Nordi Mukiele,11,Defender,France
309,Ben Hawighorst,11,Defender,Germany
310,Jeremie Frimpong,11,Defender,Netherlands
311,Ferdinand Pohl,11,Defender,Germany
312,Jonas Hofmann,11,Midfielder,Germany
313,Robert Andrich,11,Midfielder,Germany
314,Florian Wirtz,11,Midfielder,Germany
315,Emiliano Buendía,11,Midfielder,Spain
316,Aleix García,11,Midfielder,Spain
317,Exequiel Palacios,11,Midfielder,Argentina
318,Jeremiah Mensah,11,Midfielder,Germany
319,Francesco Buono,11,Midfielder,Germany
320,Granit Xhaka,11,Midfielder,Switzerland
321,Francis Onyeka,11,Midfielder,Germany
322,Patrik Schick,11,Forward,Czech Republic
323,Nathan Tella,11,Forward,Nigeria
324,Amine Adli,11,Forward,Morocco
325,Victor Boniface,11,Forward,Nigeria
326,Artem Stepanov,11,Forward,Ukraine
327,Ken Izekor,11,Forward,Germany
328,Kerim Alajbegović,11,Forward,Germany
329,Vito Mannone,12,Goalkeeper,Italy
330,Marc-Aurèle Caillard,12,Goalkeeper,France
331,Lucas Chevalier,12,Goalkeeper,France
332,Aïssa Mandi,12,Defender,Algeria
333,Alexsandro,12,Defender,Brazil
334,Gabriel Gudmundsson,12,Defender,Sweden
335,Thomas Meunier,12,Defender,Belgium
336,Bafodé Diakité,12,Defender,France
337,Mitchel Bakker,12,Defender,Netherlands
338,Ismaily,12,Defender,Brazil
339,Isaac Cossier,12,Defender,France
340,Hákon Arnar Haraldsson,12,Midfielder,Iceland
341,Angel Gomes,12,Midfielder,England
342,Rémy Cabella,12,Midfielder,France
343,Osame Sahraoui,12,Midfielder,Morocco
344,Ngal'Ayel Mukau,12,Midfielder,Belgium
345,Benjamin André,12,Midfielder,France
346,Edon Zhegrova,12,Midfielder,Kosovo
347,André Gomes,12,Midfielder,Portugal
348,Ethan Mbappé,12,Midfielder,France
349,Ayyoub Bouaddi,12,Midfielder,France
350,Jonathan David,12,Forward,Canada
351,Matias Fernandez-Pardo,12,Forward,Belgium
352,Chuba Akpom,12,Forward,Nigeria
353,Younes Lachaab,12,Forward,France
354,Alisson Becker,13,Goalkeeper,Brazil
355,Vitězslav Jaroš,13,Goalkeeper,Czech Republic
356,Caoimhin Kelleher,13,Goalkeeper,Ireland
357,Kornel Misciur,13,Goalkeeper,Poland
358,Bailey Hall,13,Goalkeeper,England
359,Harvey Davies,13,Goalkeeper,England
360,Joe Gomez,13,Defender,England
361,Wataru Endo,13,Defender,Japan
362,Virgil van Dijk,13,Defender,Netherlands
363,Ibrahima Konaté,13,Defender,France
364,Kostas Tsimikas,13,Defender,Greece
365,Andy Robertson,13,Defender,Scotland
366,Isaac Mabaya,13,Defender,England
367,Carter Pinnington,13,Defender,England
368,Terence Miles,13,Defender,England
369,Keyrol Figueroa,13,Defender,England
370,Amara Nallo,13,Defender,England
371,Trent Alexander-Arnold,13,Defender,England
372,Jarell Quansah,13,Defender,England
373,Conor Bradley,13,Defender,Northern Ireland
374,Lucas Pitt,13,Defender,England
375,Lee Jonas,13,Defender,England
376,Wellity Lucky,13,Defender,Spain
377,Dominik Szoboszlai,13,Midfielder,Hungary
378,Alexis Mac Allister,13,Midfielder,Argentina
379,Federico Chiesa,13,Midfielder,Italy
380,Curtis Jones,13,Midfielder,England
381,Harvey Elliott,13,Midfielder,England
382,Ryan Gravenberch,13,Midfielder,Netherlands
383,Trent Kone-Doherty,13,Midfielder,Ireland
384,James McConnell,13,Midfielder,England
385,Kyle Kelly,13,Midfielder,England
386,Josh Davidson,13,Midfielder,England
387,Tommy Pilling,13,Midfielder,England
388,Tyler Morton,13,Midfielder,England
389,Ranel Young,13,Midfielder,England
390,James Balagizi,13,Midfielder,England
391,Oakley Cannonier,13,Midfielder,England
392,Michael Laffey,13,Midfielder,England
393,Trey Nyoni,13,Midfielder,England
394,Afolami Onanuga,13,Midfielder,England
395,Luis Díaz,13,Forward,Colombia
396,Darwin Núñez,13,Forward,Uruguay
397,Mohamed Salah,13,Forward,Egypt
398,Cody Gakpo,13,Forward,Netherlands
399,Diogo Jota,13,Forward,Portugal
400,Josh Sonni-Lambie,13,Forward,England
401,Kieran Morrison,13,Forward,Northern Ireland
402,Rio Ngumoha,13,Forward,England
403,Gianluigi Donnarumma,14,Goalkeeper,Italy
404,Matvei Safonov,14,Goalkeeper,Russia
405,Martin James,14,Goalkeeper,France
406,Louis Mouquet,14,Goalkeeper,France
407,Arnau Tenas,14,Goalkeeper,Spain
408,Achraf Hakimi,14,Defender,Morocco
409,Presnel Kimpembe,14,Defender,France
410,Marquinhos,14,Defender,Brazil
411,Lucas Hernández,14,Defender,France
412,Nuno Mendes,14,Defender,Portugal
413,Lucas Beraldo,14,Defender,Brazil
414,Yoram Zague,14,Defender,France
415,Naoufel El Hannach,14,Defender,France
416,Willian Pacho,14,Defender,Ecuador
417,Fabián Ruiz,14,Midfielder,Spain
418,Vitinha,14,Midfielder,Portugal
419,Kang-in Lee,14,Midfielder,South Korea
420,Senny Mayulu,14,Midfielder,France
421,Warren Zaïre-Emery,14,Midfielder,France
422,Axel Tape,14,Midfielder,France
423,João Neves,14,Midfielder,Portugal
424,Khvicha Kvaratskhelia,14,Forward,Georgia
425,Gonçalo Ramos,14,Forward,Portugal
426,Ousmane Dembélé,14,Forward,France
427,Désiré Doué,14,Forward,France
428,Bradley Barcola,14,Forward,France
429,Ibrahim Mbaye,14,Forward,France
430,Walter Benítez,15,Goalkeeper,Argentina
431,Joël Drommel,15,Goalkeeper,Netherlands
432,Niek Schiks,15,Goalkeeper,Netherlands
433,Roy Steur,15,Goalkeeper,Netherlands
434,Tijn Smolenaars,15,Goalkeeper,Netherlands
435,Stijn Kuijsten,15,Goalkeeper,Netherlands
436,Niek Janssen,15,Defender,Netherlands
437,Rick Karsdorp,15,Defender,Netherlands
438,Tyrell Malacia,15,Defender,Netherlands
439,Armando Obispo,15,Defender,Netherlands
440,Ryan Flamingo,15,Defender,Netherlands
441,Sergiño Dest,15,Defender,USA
442,Mauro Júnior,15,Defender,Brazil
443,Olivier Boscagli,15,Defender,France
444,Fabian Merién,15,Defender,Netherlands
445,Emmanuel van De Blaak,15,Defender,Netherlands
446,Michael Bresser,15,Defender,Netherlands
447,Wessel Kuhn,15,Defender,Netherlands
448,Adamo Nagalo,15,Defender,Burkina Faso
449,Raf Van De Riet,15,Defender,Netherlands
450,Muhlis Dağaşan,15,Defender,Netherlands
451,Yiandro Raap,15,Defender,Netherlands
452,Sven Van Der Plas,15,Defender,Netherlands
453,Samuel Van Hoogen,15,Defender,Belgium
454,Ivan Perišić,15,Midfielder,Croatia
455,Malik Tillman,15,Midfielder,USA
456,Guus Til,15,Midfielder,Netherlands
457,Jerdy Schouten,15,Midfielder,Netherlands
458,Joey Veerman,15,Midfielder,Netherlands
459,Isaac Babadi,15,Midfielder,Netherlands
460,Tygo Land,15,Midfielder,Netherlands
461,Richard Ledezma,15,Midfielder,USA
462,Enzo Geerts,15,Midfielder,Belgium
463,Tim Van Den Heuvel,15,Midfielder,Netherlands
464,Emir Bars,15,Midfielder,Netherlands
465,Nicolas Verkooijen,15,Midfielder,Belgium
466,Jordy Bawuah,15,Midfielder,Belgium
467,Jaden de Guzman,15,Midfielder,Netherlands
468,Noah Fernandez,15,Midfielder,Belgium
469,Luuk de Jong,15,Forward,Netherlands
470,Noa Lang,15,Forward,Netherlands
471,Johan Bakayoko,15,Forward,Belgium
472,Ricardo Pepi,15,Forward,USA
473,Esmir Bajraktarević,15,Forward,USA
474,Couhaib Driouech,15,Forward,Netherlands
475,Marcus Younis,15,Forward,Australia
476,Ismael Saibari,15,Forward,Morocco
477,Jesper Uneken,15,Forward,Netherlands
478,Tay Abed,15,Forward,Spain
479,Iggy Houben,15,Forward,Netherlands
480,Manuel Bahaty,15,Forward,Netherlands
481,Jamal Gonzaga,15,Forward,Netherlands
482,Thibaut Courtois,16,Goalkeeper,Belgium
483,Andriy Lunin,16,Goalkeeper,Ukraine
484,Fran González,16,Goalkeeper,Spain
485,Sergio Mestre,16,Goalkeeper,Spain
486,Dani Carvajal,16,Defender,Spain
487,Éder Militão,16,Defender,Brazil
488,David Alaba,16,Defender,Austria
489,Jesús Vallejo,16,Defender,Spain
490,Fran García,16,Defender,Spain
491,Antonio Rüdiger,16,Defender,Germany
492,Ferland Mendy,16,Defender,France
493,Youssef,16,Defender,Spain
494,Jacobo Ramón,16,Defender,Spain
495,Raúl Asencio,16,Defender,Spain
496,David Jiménez,16,Defender,Spain
497,Lorenzo Aguado,16,Defender,Spain
498,Jesus Fortea,16,Defender,Spain
499,Diego Aguado,16,Defender,Spain
500,Victor Valdepeñas,16,Defender,Spain
501,Kike Ribes,16,Defender,Spain
502,Mario Rivas,16,Defender,Spain
503,Jude Bellingham,16,Midfielder,England
504,Eduardo Camavinga,16,Midfielder,France
505,Federico Valverde,16,Midfielder,Uruguay
506,Luka Modrić,16,Midfielder,Croatia
507,Aurélien Tchouaméni,16,Midfielder,France
508,Arda Güler,16,Midfielder,Turkey
509,Lucas Vázquez,16,Midfielder,Spain
510,Dani Ceballos,16,Midfielder,Spain
511,Brahim Díaz,16,Midfielder,Morocco
512,Manuel Ángel,16,Midfielder,Spain
513,Antonio Moreno,16,Midfielder,Spain
514,Chema Andrés,16,Midfielder,Spain
515,Hugo De Llanos,16,Midfielder,Spain
516,Víctor Muñoz,16,Midfielder,Spain
517,Pol Fortuny,16,Midfielder,Spain
518,Vinícius Júnior,16,Forward,Brazil
519,Kylian Mbappé,16,Forward,France
520,Rodrygo,16,Forward,Brazil
521,Endrick,16,Forward,Brazil
522,Gonzalo,16,Forward,Spain
523,Daniel Yañez,16,Forward,Spain
524,Rui Patrício,17,Goalkeeper,Portugal
525,Marco Carnesecchi,17,Goalkeeper,Italy
526,Francesco Rossi,17,Goalkeeper,Italy
527,Paolo Vismara,17,Goalkeeper,Italy
528,Rafael Tolói,17,Defender,Italy
529,Odilon Kossounou,17,Defender,Ivory Coast
530,Isak Hien,17,Defender,Sweden
531,Stefan Posch,17,Defender,Austria
532,Raoul Bellanova,17,Defender,Italy
533,Berat Djimsiti,17,Defender,Albania
534,Matteo Ruggeri,17,Defender,Italy
535,Sead Kolašinac,17,Defender,Bosnia and Herzegovina
536,Marco Palestra,17,Defender,Italy
537,Tommaso Del Lungo,17,Defender,Italy
538,Davide Zappacosta,17,Defender,Italy
539,Ibrahim Sulemana,17,Midfielder,Ghana
540,Juan Cuadrado,17,Midfielder,Colombia
541,Mario Pašalić,17,Midfielder,Croatia
542,Éderson,17,Midfielder,Brazil
543,Marten de Roon,17,Midfielder,Netherlands
544,Lazar Samardžić,17,Midfielder,Serbia
545,Marco Brescianini,17,Midfielder,Italy
546,Ademola Lookman,17,Forward,Nigeria
547,Charles De Ketelaere,17,Forward,Belgium
548,Federico Cassa,17,Forward,Italy
549,Mateo Retegui,17,Forward,Italy
550,Vanja Vlahović,17,Forward,Serbia
551,Daniel Maldini,17,Forward,Italy
552,Grégoire Coudert,18,Goalkeeper,France
553,Marco Bizot,18,Goalkeeper,Netherlands
554,Noah Jauny,18,Goalkeeper,France
555,Abdoulaye Ndiaye,18,Defender,Senegal
556,Brendan Chardonnet,18,Defender,France
557,Kenny Lala,18,Defender,France
558,Luck Zogbé,18,Defender,Ivory Coast
559,Massadio Haïdara,18,Defender,Mali
560,Julien Le Cardinal,18,Defender,France
561,Soumaïla Coulibaly,18,Defender,France
562,Paris Irie,18,Defender,France
563,Raphael Le Guen,18,Defender,France
564,Edimilson Fernandes,18,Midfielder,Switzerland
565,Hugo Magnetti,18,Midfielder,France
566,Kamory Doumbia,18,Midfielder,Mali
567,Pierre Lees-Melou,18,Midfielder,France
568,Romain Faivre,18,Midfielder,France
569,Jonas Martin,18,Midfielder,France
570,Noan Geraux,18,Midfielder,France
571,Mahdi Camara,18,Midfielder,France
572,Ibrahim Yayiya Kanté,18,Midfielder,France
573,Romain Del Castillo,18,Forward,France
574,Mama Baldé,18,Forward,Guinea-Bissau
575,Abdallah Sima,18,Forward,Senegal
576,Ludovic Ajorque,18,Forward,France
577,Mathias Pereira Lage,18,Forward,France
578,Ibrahim Salah,18,Forward,Belgium
579,Léo Botz,18,Forward,France
580,Kasper Schmeichel,19,Goalkeeper,Denmark
581,Viljami Sinisalo,19,Goalkeeper,Finland
582,Scott Bain,19,Goalkeeper,Scotland
583,Joe Morrison,19,Goalkeeper,Scotland
584,Aidan Rice,19,Goalkeeper,Scotland
585,Marcus Gill,19,Goalkeeper,Ireland
586,Jamie Meikle,19,Defender,England
587,Alistair Johnston,19,Defender,Canada
588,Greg Taylor,19,Defender,Scotland
589,Liam Scales,19,Defender,Ireland
590,Auston Trusty,19,Defender,USA
591,Maik Nawrocki,19,Defender,Poland
592,Cameron Carter-Vickers,19,Defender,USA
593,Reo Hatate,19,Defender,Japan
594,Mitchel Frame,19,Defender,Scotland
595,Dane Murray,19,Defender,Scotland
596,Ben McPherson,19,Defender,Scotland
597,Mitchell Robertson,19,Defender,Scotland
598,Anthony Ralston,19,Defender,Scotland
599,Colby Donovan,19,Defender,Scotland
600,Alasdair Davidson,19,Defender,Scotland
601,Hale Finlay,19,Defender,Scotland
602,Samuel Isiguzo,19,Defender,Scotland
603,Robbie Heron,19,Defender,Scotland
604,Nicolas Kühn,19,Midfielder,Germany
605,Hyunjun,19,Midfielder,South Korea
606,Luke McCowan,19,Midfielder,Scotland
607,Jeffrey Schlupp,19,Midfielder,Germany
608,Arne Engels,19,Midfielder,Belgium
609,Paulo Bernardo,19,Midfielder,Portugal
610,Callum McGregor,19,Midfielder,Scotland
611,James Forrest,19,Midfielder,Scotland
612,Kyle Ure,19,Midfielder,Scotland
613,Corey Thomson,19,Midfielder,Scotland
614,Sean McArdle,19,Midfielder,Scotland
615,Thomas Hatton,19,Midfielder,Scotland
616,Rhys Dargie,19,Midfielder,Scotland
617,Francis Turley,19,Midfielder,Northern Ireland
618,Robert Rachwal,19,Midfielder,Poland
619,Aidan Cannon,19,Midfielder,Scotland
620,Andrew Kyle,19,Midfielder,Scotland
621,Ronan Ferns,19,Midfielder,Scotland
622,Cole Crawford,19,Midfielder,Scotland
623,Jota,19,Forward,Portugal
624,Adam Idah,19,Forward,Ireland
625,Johnny Kenny,19,Forward,Ireland
626,Daizen Maeda,19,Forward,Japan
627,Daniel Cummings,19,Forward,Scotland
628,Jude Bonnar,19,Forward,Scotland
629,Lewis Dobbie,19,Forward,Scotland
630,Mattia Perin,20,Goalkeeper,Italy
631,Carlo Pinsoglio,20,Goalkeeper,Italy
632,Michele Di Gregorio,20,Goalkeeper,Italy
633,Giovanni Daffara,20,Goalkeeper,Italy
634,Bremer,20,Defender,Brazil
635,Federico Gatti,20,Defender,Italy
636,Lloyd Kelly,20,Defender,England
637,Renato Veiga,20,Defender,Portugal
638,Pierre Kalulu,20,Defender,France
639,Andrea Cambiaso,20,Defender,Italy
640,Juan Cabal,20,Defender,Colombia
641,Nicolò Savona,20,Defender,Italy
642,Jonas Rouhi,20,Defender,Sweden
643,Manuel Locatelli,20,Midfielder,Italy
644,Teun Koopmeiners,20,Midfielder,Netherlands
645,Weston McKennie,20,Midfielder,USA
646,Vasilije Adžić,20,Midfielder,Montenegro
647,Khephren Thuram,20,Midfielder,France
648,Douglas Luiz,20,Midfielder,Brazil
649,Francisco Conceição,20,Forward,Portugal
650,Dušan Vlahović,20,Forward,Serbia
651,Kenan Yıldız,20,Forward,Turkey
652,Nicolás González,20,Forward,Argentina
653,Arkadiusz Milik,20,Forward,Poland
654,Randal Kolo Muani,20,Forward,France
655,Timothy Weah,20,Forward,USA
656,Lorenzo Anghelè,20,Forward,Italy
657,Samuel Mbangula,20,Forward,Belgium
658,Stefan Ortega,21,Goalkeeper,Germany
659,Ederson,21,Goalkeeper,Brazil
660,Scott Carson,21,Goalkeeper,England
661,Rúben Dias,21,Defender,Portugal
662,John Stones,21,Defender,England
663,Nathan Aké,21,Defender,Netherlands
664,Joško Gvardiol,21,Defender,Croatia
665,Manuel Akanji,21,Defender,Switzerland
666,Abdukodir Khusanov,21,Defender,Uzbekistan
667,Max Alleyne,21,Defender,England
668,Rico Lewis,21,Defender,England
669,Mateo Kovačić,21,Midfielder,Croatia
670,Jack Grealish,21,Midfielder,England
671,Jérémy Doku,21,Midfielder,Belgium
672,Nico González,21,Midfielder,Spain
673,Rodri,21,Midfielder,Spain
674,Kevin De Bruyne,21,Midfielder,Belgium
675,İlkay Gündoğan,21,Midfielder,Germany
676,Bernardo Silva,21,Midfielder,Portugal
677,Savinho,21,Midfielder,Brazil
678,Matheus Nunes,21,Midfielder,Portugal
679,Phil Foden,21,Midfielder,England
680,Oscar Bobb,21,Midfielder,Norway
681,Nico O’Reilly,21,Midfielder,England
682,James McAtee,21,Midfielder,England
683,Omar Marmoush,21,Forward,Egypt
684,Erling Haaland,21,Forward,Norway
685,Mike Maignan,22,Goalkeeper,France
686,Marco Sportiello,22,Goalkeeper,Italy
687,Lapo Nava,22,Goalkeeper,Italy
688,Lorenzo Torriani,22,Goalkeeper,Italy
689,Theo Hernández,22,Defender,France
690,Emerson,22,Defender,Brazil
691,Fikayo Tomori,22,Defender,England
692,Alessandro Florenzi,22,Defender,Italy
693,Malick Thiaw,22,Defender,Germany
694,Strahinja Pavlović,22,Defender,Serbia
695,Kyle Walker,22,Defender,England
696,Davide Bartesaghi,22,Defender,Italy
697,Filippo Terracciano,22,Defender,Italy
698,Matteo Gabbia,22,Defender,Italy
699,Andrea Bozzolan,22,Defender,Italy
700,Andrei Coubiș,22,Defender,Romania
701,Vittorio Magni,22,Defender,Italy
702,Dorian Paloschi,22,Defender,Italy
703,Adam Bakoune,22,Defender,Italy
704,Ruben Loftus-Cheek,22,Midfielder,England
705,Tijjani Reijnders,22,Midfielder,Netherlands
706,Youssouf Fofana,22,Midfielder,France
707,Mattia Liberali,22,Midfielder,Italy
708,Yunus Musah,22,Midfielder,USA
709,Victor Eletu,22,Midfielder,Nigeria
710,Mattia Malaspina,22,Midfielder,Italy
711,Santiago Giménez,22,Forward,Mexico
712,Rafael Leão,22,Forward,Portugal
713,Christian Pulišić,22,Forward,USA
714,Samuel Chukwueze,22,Forward,Nigeria
715,Chaka Traore,22,Forward,Ivory Coast
716,Francesco Camarda,22,Forward,Italy
717,João Félix,22,Forward,Portugal
718,Diego Sia,22,Forward,Italy
719,Tammy Abraham,22,Forward,England
720,Radosław Majecki,23,Goalkeeper,Poland
721,Philipp Köhn,23,Goalkeeper,Switzerland
722,Jules Stawiecki,23,Goalkeeper,France
723,Yann Lienard,23,Goalkeeper,France
724,Vanderson,23,Defender,Brazil
725,Thilo Kehrer,23,Defender,Germany
726,Caio Henrique,23,Defender,Brazil
727,Christian Mawissa,23,Defender,France
728,Wilfried Singo,23,Defender,Ivory Coast
729,Kassoum Ouattara,23,Defender,France
730,Mohammed Salisu,23,Midfielder,Ghana
731,Denis Zakaria,23,Midfielder,Switzerland
732,Eliesse Ben Seghir,23,Midfielder,Morocco
733,Al Musrati,23,Midfielder,Portugal
734,Aleksandr Golovin,23,Midfielder,Russia
735,Maghnes Akliouche,23,Midfielder,France
736,Lamine Camara,23,Midfielder,Senegal
737,Takumi Minamino,23,Midfielder,Japan
738,Krépin Diatta,23,Midfielder,Senegal
739,Mamadou Coulibaly,23,Midfielder,France
740,Edan Diop,23,Midfielder,France
741,Saimon Bouabre,23,Midfielder,France
742,Aladji Bamba,23,Midfielder,France
743,Mayssam Benama,23,Midfielder,France
744,Soungoutou Magassa,23,Forward,France
745,Folarin Balogun,23,Forward,USA
746,Mika Biereth,23,Forward,Denmark
747,George Ilenikhena,23,Forward,Nigeria
748,Breel Embolo,23,Forward,Switzerland
749,Lucas Michal,23,Forward,France
750,Franco Israel,24,Goalkeeper,Uruguay
751,Rui Silva,24,Goalkeeper,Portugal
752,Diego Callai,24,Goalkeeper,Italy
753,Diogo Pinto,24,Goalkeeper,Portugal
754,Guilherme Pires,24,Goalkeeper,Portugal
755,Pedro Miguéis,24,Goalkeeper,Portugal
756,Francisco Silva,24,Defender,Portugal
757,Matheus Reis,24,Defender,Brazil
758,Jeremiah St. Juste,24,Defender,Netherlands
759,Zeno Debast,24,Defender,Belgium
760,Iván Fresneda,24,Defender,Spain
761,Gonçalo Inácio,24,Defender,Portugal
762,Ousmane Diomande,24,Defender,Ivory Coast
763,João Muniz,24,Defender,Portugal
764,David Moreira,24,Defender,Portugal
765,Ricardo Esgaio,24,Defender,Portugal
766,Bruno Ramos,24,Defender,Brazil
767,José Silva,24,Defender,Portugal
768,Atanásio,24,Defender,Portugal
769,Miguel Alves,24,Defender,Portugal
770,Denilson Santos,24,Defender,Portugal
771,Eduardo Quaresma,24,Defender,Portugal
772,Rafael Mota,24,Defender,Portugal
773,Lucas Dominguez,24,Defender,Spain
774,Hidemasa Morita,24,Midfielder,Japan
775,Pedro Gonçalves,24,Midfielder,Portugal
776,Maximiliano Araújo,24,Midfielder,Uruguay
777,Geny Catamo,24,Midfielder,Mozambique
778,Daniel Bragança,24,Midfielder,Portugal
779,Gabriel Teixeira,24,Midfielder,Brazil
780,Morten Hjulmand,24,Midfielder,Denmark
781,Alexandre Brito,24,Midfielder,Portugal
782,João Simões,24,Midfielder,Portugal
783,Flávio Gonçalves,24,Midfielder,Portugal
784,Kauã Oliveira,24,Midfielder,Brazil
785,Eduardo Felicíssimo,24,Midfielder,Portugal
786,Manuel Kissanga,24,Midfielder,Angola
787,Rafael Besugo,24,Midfielder,Portugal
788,Rodrigo Marquês,24,Midfielder,Portugal
789,Henrique Arreiol,24,Midfielder,Portugal
790,Manuel Mendonça,24,Midfielder,Portugal
791,Viktor Gyökeres,24,Forward,Sweden
792,Nuno Santos,24,Forward,Portugal
793,Francisco Trincão,24,Forward,Portugal
794,Conrad Harder,24,Forward,Denmark
795,Francisco Canário,24,Forward,Portugal
796,Geovany Quenda,24,Forward,Portugal
797,Lucas Anjos,24,Forward,Portugal
798,Mauro Couto,24,Forward,Portugal
799,Luis Gomes,24,Forward,Portugal
800,Gabriel Silva,24,Forward,Portugal
801,Rafael Nel,24,Forward,Portugal
802,Afonso Moreira,24,Forward,Portugal